wkt_geom,fid,id,Site,Latitude,Longitude,Name,Descriptio,Capacity (,location,island
Point (168.27247006687599651 -45.73867901982040252),417,node_416,White Hill,-45.73867902,168.2724701,wind,Wind,58,White Hill,south
Point (174.16718106663600452 -41.84794821181969837),415,node_414,Weld Cone,-41.84794821,174.1671811,wind,Wind,0.8,Weld Cone,south
Point (170.42617300000000569 -44.68983000000000061),362,node_361,Waitaki,-44.68983,170.426173,hydro,Hydro,90,Waitaki,south
Point (169.98700700967700072 -45.90587999430359645),357,node_356,Waipori?1A,-45.90587999,169.987007,hydro,Hydro,10,Waipori?1A,south
Point (170.02146103539999444 -45.92641908677489937),359,node_358,Waipori 3,-45.92641909,170.021461,hydro,Hydro,7.6,Waipori 3,south
Point (169.98289961629200207 -45.90662982895140232),358,node_357,Waipori 2A,-45.90662983,169.9828996,hydro,Hydro,58,Waipori 2A,south
Point (173.57582015869701308 -41.66509611534190327),355,node_354,Waihopai,-41.66509612,173.5758202,hydro,Hydro,2.5,Waihopai,south
Point (170.24065423130500108 -43.25189310416349997),354,node_353,Wahapo/Okarito Forks,-43.2518931,170.2406542,hydro,Hydro,3.1,Wahapo/Okarito Forks,south
Point (169.37266409895599395 -45.61680675497120063),379,node_378,Teviot,-45.61680675,169.3726641,hydro,Hydro,10.5,Teviot,south
Point (170.21194700000000921 -44.12252999999999759),351,node_350,Tekapo B,-44.12253,170.211947,hydro,Hydro,160,Tekapo B,south
Point (170.46051600000001258 -44.01380499999999785),350,node_349,Tekapo A,-44.013805,170.460516,hydro,Hydro,25,Tekapo A,south
Point (169.43669219072100418 -45.22069268332170111),378,node_377,Talla Burn,-45.22069268,169.4366922,hydro,Hydro,2.6,Talla Burn,south
Point (172.2798011938369882 -43.87197968052819874),409,node_408,Southbridge,-43.87197968,172.2798012,wind,Wind,0.1,Southbridge,south
Point (169.32255499999999415 -45.47581100000000021),348,node_347,Roxburgh,-45.475811,169.322555,hydro,Hydro,320,Roxburgh,south
Point (169.07183318396099025 -45.00101060244600149),347,node_346,Roaring Meg lower,-45.0010106,169.0718332,hydro,Hydro,3,Roaring Meg lower,south
Point (172.70351430533199277 -43.49133550084020072),390,node_389,QE2 Park,-43.4913355,172.7035143,diesel,Diesel recip engine,4,QE2 Park,south
Point (172.73881608886000549 -40.85519905565340082),344,node_343,Pupu,-40.85519906,172.7388161,hydro,Hydro,0.3,Pupu,south
Point (169.9494548647309955 -45.32584487881420188),341,node_340,Patearoa,-45.32584488,169.9494549,hydro,Hydro,2.3,Patearoa,south
Point (169.94502180910001243 -45.34858137654820354),339,node_338,Paerau,-45.34858138,169.9450218,hydro,Hydro,10,Paerau,south
Point (168.39672965603401167 -44.78778975439310273),338,node_337,Oxburn/Glenorchy,-44.78778975,168.3967297,hydro,Hydro,0.4,Oxburn/Glenorchy,south
Point (170.89094419407999226 -43.99101408299470251),337,node_336,Opuha,-43.99101408,170.8909442,hydro,Hydro,7.5,Opuha,south
Point (172.71185784597400925 -40.76509976766980259),374,node_373,Onekaka,-40.76509977,172.7118578,hydro,Hydro,1,Onekaka,south
Point (170.18222199999999589 -44.34194399999999803),335,node_334,Ohau C,-44.341944,170.182222,hydro,Hydro,212,Ohau C,south
Point (170.11222200000000271 -44.29944400000000115),334,node_333,Ohau B,-44.299444,170.112222,hydro,Hydro,212,Ohau B,south
Point (170.0322219999999902 -44.26444399999999746),333,node_332,Ohau A,-44.264444,170.032222,hydro,Hydro,264,Ohau A,south
Point (171.46346214631299176 -42.3949321468385989),372,node_371,Ngahere,-42.39493215,171.4634621,hydro,Hydro,0.1,Ngahere,south
Point (169.7788491132050126 -46.05584908286989787),408,node_407,Mt Stuart,-46.05584908,169.7788491,wind,Wind,7.7,Mt Stuart,south
Point (171.33987438762198963 -43.80026389943220266),330,node_329,Montalto,-43.8002639,171.3398744,hydro,Hydro,1.8,Montalto,south
Point (167.61658299999999144 -45.77569400000000144),329,node_328,Monowai,-45.775694,167.616583,hydro,Hydro,6.6,Monowai,south
Point (172.33444399999999064 -41.66194399999999831),327,node_326,Matiri,-41.661944,172.334444,hydro,Hydro,5,Matiri,south
Point (168.86457183012799987 -46.19755264524830096),369,node_368,Mataura,-46.19755265,168.8645718,hydro,Hydro,0.9,Mataura,south
Point (167.27777800000001207 -45.52138899999999921),322,node_321,Manapouri,-45.521389,167.277778,hydro,Hydro,850,Manapouri,south
Point (169.87673060189800367 -45.77246989504060082),406,node_405,Mahinerangi,-45.7724699,169.8767306,wind,Wind,36,Mahinerangi,south
Point (174.1336820100779903 -41.79036128892540347),405,node_404,Lulworth,-41.79036129,174.133682,wind,Wind,1,Lulworth,south
Point (171.19567845316899479 -42.63556220612129977),319,node_318,Kumara,-42.63556221,171.1956785,hydro,Hydro,6.5,Kumara,south
Point (169.31119872548001126 -45.53689541697050203),317,node_316,Kowhai,-45.53689542,169.3111987,hydro,Hydro,1.9,Kowhai,south
Point (172.89619322088501008 -43.07534072548359916),273,node_272,Kate Valley Landfill,-43.07534073,172.8961932,gas,Biogas,4.3,Kate Valley Landfill,south
Point (171.07011445502999436 -42.76606482260429942),314,node_313,Kaniere Forks,-42.76606482,171.0701145,hydro,Hydro,0.43,Kaniere Forks,south
Point (169.50044863056700706 -45.65121303585600288),404,node_403,Horseshoe Bend,-45.65121304,169.5004486,wind,Wind,2.3,Horseshoe Bend,south
Point (169.46567319183000677 -45.71868421868889953),311,node_310,Horseshoe Bend,-45.71868422,169.4656732,hydro,Hydro,4.3,Horseshoe Bend,south
Point (171.73556999999999562 -43.5733019999999982),309,node_308,Highbank,-43.573302,171.73557,hydro,Hydro,25.2,Highbank,south
Point (172.63384768503300393 -43.69825662783269848),402,node_401,Gebbies Pass,-43.69825663,172.6338477,wind,Wind,0.5,Gebbies Pass,south
Point (169.37409768331198734 -45.24735253846309746),308,node_307,Fraser,-45.24735254,169.3740977,hydro,Hydro,2.8,Fraser,south
Point (168.30387282144900496 -46.57505937902759996),401,node_400,Flat Hill,-46.57505938,168.3038728,wind,Wind,6.8,Flat Hill,south
Point (169.99499900222198789 -45.90446844188419817),306,node_305,Falls,-45.90446844,169.994999,hydro,Hydro,1.3,Falls,south
Point (171.20652793782599588 -42.72978180238799695),305,node_304,Duffers,-42.7297818,171.2065279,hydro,Hydro,0.5,Duffers,south
Point (171.19530331269899648 -42.65573757524899889),304,node_303,Dillmans,-42.65573758,171.1953033,hydro,Hydro,3.5,Dillmans,south
Point (170.0272225101170136 -45.92436628929129938),303,node_302,Deep Stream,-45.92436629,170.0272225,hydro,Hydro,5,Deep Stream,south
Point (171.52694399999998609 -43.36416700000000191),302,node_301,Coleridge,-43.364167,171.526944,hydro,Hydro,45,Coleridge,south
Point (172.68777800000000866 -41.10361100000000079),301,node_300,Cobb,-41.103611,172.687778,hydro,Hydro,34.3,Cobb,south
Point (169.30694399999998723 -45.17944399999999661),300,node_299,Clyde,-45.179444,169.306944,hydro,Hydro,432,Clyde,south
Point (171.58438899999998739 -43.45244399999999985),299,node_298,Cleardale,-43.452444,171.584389,hydro,Hydro,0.9,Cleardale,south
Point (170.19722200000001067 -44.56416699999999764),298,node_297,Benmore,-44.564167,170.197222,hydro,Hydro,540,Benmore,south
Point (170.35499999999998977 -44.65583300000000122),297,node_296,Aviemore,-44.655833,170.355,hydro,Hydro,220,Aviemore,south
Point (171.41126700000000938 -42.52904999999999802),295,node_294,Arnold,-42.52905,171.411267,hydro,Hydro,3,Arnold,south
Point (173.20331600000000094 -41.67076000000000136),294,node_293,Argyle,-41.67076,173.203316,hydro,Hydro,3.8,Argyle,south
Point (170.62446369698199078 -43.15560856760180286),290,node_289,Amethyst,-43.15560857,170.6244637,hydro,Hydro,7.6,Amethyst,south
Point (168.02319541160650829 -46.01728010512162115),538,node_537,,0,0,,,0,line,south
Point (172.19080010450011287 -43.71177771972215709),532,node_531,,0,0,,,0,line,south
Point (169.83945361904309834 -46.13404844524159643),531,node_530,,0,0,,,0,line,south
Point (169.89370917576013653 -45.81491632969594718),529,node_528,,0,0,,,0,line,south
Point (174.00499999999999545 -41.66100000000000136),528,node_527,,0,0,,,0,line,south
Point (169.43752900570586917 -45.68951193794534049),527,node_526,,0,0,,,0,line,south
Point (172.60599999999999454 -43.60999999999999943),525,node_524,,0,0,,,0,line,south
Point (169.37773542696362483 -45.61173542696361949),512,node_511,,0,0,,,0,line,south
Point (169.43695417164880723 -45.22436041631080172),511,node_510,,0,0,,,0,line,south
Point (168.84576010243847577 -46.13779774552862278),505,node_504,,0,0,,,0,line,south
Point (170.42764342060087301 -44.6922194334763887),499,node_498,,0,0,,,0,line,south
Point (170.07795019401817171 -45.95937109596885506),496,node_495,,0,0,,,0,line,south
Point (170.07699999999999818 -45.96099999999999852),495,node_494,,0,0,,,0,line,south
Point (170.07814209301901087 -45.95904212625313079),494,node_493,,0,0,,,0,line,south
Point (173.72900000000001342 -41.83299999999999841),493,node_492,,0,0,,,0,line,south
Point (170.29400000000001114 -44.07500000000000284),492,node_491,,0,0,,,0,line,south
Point (170.23817739999998366 -44.13564520000003455),489,node_488,,0,0,,,0,line,south
Point (170.45694450248964813 -44.07213945933609978),488,node_487,,0,0,,,0,line,south
Point (169.31971953846152701 -45.47392069230768641),487,node_486,,0,0,,,0,line,south
Point (169.02899999999999636 -45.06300000000000239),486,node_485,,0,0,,,0,line,south
Point (172.82200000000000273 -41.03000000000000114),483,node_482,,0,0,,,0,line,south
Point (169.78978721024617471 -45.08829056360503529),480,node_479,,0,0,,,0,line,south
Point (169.77620716936581857 -45.09741813206559158),478,node_477,,0,0,,,0,line,south
Point (170.88046986284729201 -44.07480873285591372),477,node_476,,0,0,,,0,line,south
Point (170.17532416438353948 -44.34937243835616272),475,node_474,,0,0,,,0,line,south
Point (170.11193997241380771 -44.30282833103448326),474,node_473,,0,0,,,0,line,south
Point (171.36600000000001387 -43.83200000000000074),471,node_470,,0,0,,,0,line,south
Point (167.6100147044830635 -45.78705537602927222),470,node_469,,0,0,,,0,line,south
Point (172.40500000000000114 -41.73899999999999721),469,node_468,,0,0,,,0,line,south
Point (167.27766680000001998 -45.52116659999999371),464,node_463,,0,0,,,0,line,south
Point (169.30400000000000205 -45.54399999999999693),461,node_460,,0,0,,,0,line,south
Point (169.4545935094555773 -45.72222971704871952),457,node_456,,0,0,,,0,line,south
Point (171.82578351037344078 -43.7291253360995853),455,node_454,,0,0,,,0,line,south
Point (169.37190491684842186 -45.24406338876772793),454,node_453,,0,0,,,0,line,south
Point (170.08078550254197125 -45.95451056707089066),452,node_451,,0,0,,,0,line,south
Point (170.0803063973847884 -45.95533189019752029),451,node_450,,0,0,,,0,line,south
Point (171.79396710161668693 -43.11247150844589271),450,node_449,,0,0,,,0,line,south
Point (169.3060000000000116 -45.17999999999999972),449,node_448,,0,0,,,0,line,south
Point (171.73302499315062164 -43.7794431849315373),448,node_447,,0,0,,,0,line,south
Point (170.19599999999999795 -44.57000000000000028),447,node_446,,0,0,,,0,line,south
Point (170.35300000000000864 -44.65899999999999892),446,node_445,,0,0,,,0,line,south
Point (173.41200000000000614 -41.99499999999999744),444,node_443,,0,0,,,0,line,south
Point (172.75800000000000978 -43.04699999999999704),427,node_426,,0,0,,,0,line,south
Point (172.51166666666665606 -43.53699999999999903),259,node_258,,0,0,,,0,line,south
Point (170.50999999999999091 -45.83100000000000307),258,node_257,,0,0,,,0,line,south
Point (171.72999999999998977 -43.56099999999999994),249,node_248,,0,0,,,0,line,south
Point (171.80500000000000682 -43.56400000000000006),248,node_247,,0,0,,,0,line,south
Point (168.39199999999999591 -46.59000000000000341),246,node_245,,0,0,,,0,line,south
Point (168.3019999999999925 -46.14399999999999835),245,node_244,,0,0,,,0,line,south
Point (168.08000000000001251 -46.08500000000000085),244,node_243,,0,0,,,0,line,south
Point (172.03200000000001069 -43.36500000000000199),241,node_240,,0,0,,,0,line,south
Point (171.54900000000000659 -42.86299999999999955),240,node_239,,0,0,,,0,line,south
Point (172.73799999999999955 -43.57099999999999795),236,node_235,,0,0,,,0,line,south
Point (172.63700000000000045 -43.38100000000000023),235,node_234,,0,0,,,0,line,south
Point (172.6980000000000075 -43.53300000000000125),234,node_233,,0,0,,,0,line,south
Point (172.69599999999999795 -43.56799999999999784),233,node_232,,0,0,,,0,line,south
Point (172.58299999999999841 -41.79800000000000182),231,node_230,,0,0,,,0,line,south
Point (169.77099999999998658 -46.22800000000000153),228,node_227,,0,0,,,0,line,south
Point (172.60200000000000387 -43.53900000000000148),222,node_221,,0,0,,,0,line,south
Point (168.36099999999999 -46.30499999999999972),218,node_217,,0,0,,,0,line,south
Point (169.72999999999998977 -46.11599999999999966),217,node_216,,0,0,,,0,line,south
Point (168.43600000000000705 -46.48299999999999699),215,node_214,,0,0,,,0,line,south
Point (172.65600000000000591 -43.58500000000000085),213,node_212,,0,0,,,0,line,south
Point (170.02899999999999636 -44.26599999999999824),212,node_211,,0,0,,,0,line,south
Point (170.48500000000001364 -45.89300000000000068),211,node_210,,0,0,,,0,line,south
Point (172.06399999999999295 -41.8019999999999996),196,node_195,,0,0,,,0,line,south
Point (172.49600000000000932 -43.47099999999999653),195,node_194,,0,0,,,0,line,south
Point (171.21799999999998931 -44.375),194,node_193,,0,0,,,0,line,south
Point (171.75800000000000978 -41.71800000000000352),192,node_191,,0,0,,,0,line,south
Point (172.57499999999998863 -43.28900000000000148),189,node_188,,0,0,,,0,line,south
Point (172.61899999999999977 -41.77199999999999847),188,node_187,,0,0,,,0,line,south
Point (172.5560000000000116 -41.80499999999999972),187,node_186,,0,0,,,0,line,south
Point (172.51400000000001 -43.53499999999999659),181,node_180,,0,0,,,0,line,south
Point (171.01599999999999113 -44.19400000000000261),171,node_170,,0,0,,,0,line,south
Point (170.57599999999999341 -44.19899999999999807),168,node_167,,0,0,,,0,line,south
Point (170.18999999999999773 -44.56400000000000006),167,node_166,,0,0,,,0,line,south
Point (170.72800000000000864 -44.20100000000000051),166,node_165,,0,0,,,0,line,south
Point (168.74000000000000909 -45.01100000000000279),165,node_164,,0,0,,,0,line,south
Point (172.52000000000001023 -43.52600000000000335),163,node_162,,0,0,,,0,line,south
Point (172.56499999999999773 -43.50200000000000244),162,node_161,,0,0,,,0,line,south
Point (169.19300000000001205 -45.06000000000000227),161,node_160,,0,0,,,0,line,south
Point (171.10099999999999909 -44.9410000000000025),159,node_158,,0,0,,,0,line,south
Point (172.75600000000000023 -43.0519999999999996),158,node_157,,0,0,,,0,line,south
Point (172.59999999999999432 -43.32600000000000051),157,node_156,,0,0,,,0,line,south
Point (170.125 -44.56900000000000261),156,node_155,,0,0,,,0,line,south
Point (172.82099999999999795 -42.15999999999999659),152,node_151,,0,0,,,0,line,south
Point (173.57499999999998863 -41.66400000000000148),142,node_141,,0,0,,,0,line,south
Point (172.87399999999999523 -41.67199999999999704),141,node_140,,0,0,,,0,line,south
Point (168.42099999999999227 -46.3539999999999992),138,node_137,,0,0,,,0,line,south
Point (172.50999999999999091 -43.53699999999999903),137,node_136,,0,0,,,0,line,south
Point (170.08899999999999864 -44.29299999999999926),136,node_135,,0,0,,,0,line,south
Point (170.1980000000000075 -44.57200000000000273),127,node_126,,0,0,,,0,line,south
Point (172.51200000000000045 -43.5379999999999967),119,node_118,,0,0,,,0,line,south
Point (170.18899999999999295 -44.27000000000000313),118,node_117,,0,0,,,0,line,south
Point (172.73500000000001364 -41.08599999999999852),91,node_90,,0,0,,,0,line,south
Point (173.12299999999999045 -41.39500000000000313),89,node_88,,0,0,,,0,line,south
Point (172.96899999999999409 -41.08100000000000307),88,node_87,,0,0,,,0,line,south
Point (170.13700000000000045 -44.27300000000000324),80,node_79,,0,0,,,0,line,south
Point (170.18600000000000705 -44.25900000000000034),79,node_78,,0,0,,,0,line,south
Point (168.54599999999999227 -46.29899999999999949),63,node_62,,0,0,,,0,line,south
Point (171.50899999999998613 -41.75200000000000244),62,node_61,,0,0,,,0,line,south
Point (170.19300000000001205 -44.56499999999999773),61,node_60,,0,0,,,0,line,south
Point (170.09399999999999409 -44.28999999999999915),60,node_59,,0,0,,,0,line,south
Point (169.3189999999999884 -45.47699999999999676),59,node_58,,0,0,,,0,line,south
Point (168.47800000000000864 -46.3019999999999996),58,node_57,,0,0,,,0,line,south
Point (172.86000000000001364 -42.53399999999999892),57,node_56,,0,0,,,0,line,south
Point (172.65199999999998681 -43.15899999999999892),56,node_55,,0,0,,,0,line,south
Point (170.41499999999999204 -44.70000000000000284),52,node_51,,0,0,,,0,line,south
Point (172.44900000000001228 -43.63400000000000034),49,node_48,,0,0,,,0,line,south
Point (172.5029999999999859 -43.53499999999999659),48,node_47,,0,0,,,0,line,south
Point (170.63700000000000045 -44.93299999999999983),47,node_46,,0,0,,,0,line,south
Point (169.3160000000000025 -45.47099999999999653),46,node_45,,0,0,,,0,line,south
Point (171.29499999999998749 -44.10099999999999909),43,node_42,,0,0,,,0,line,south
Point (170.80099999999998772 -44.86399999999999721),42,node_41,,0,0,,,0,line,south
Point (169.75 -46.19200000000000017),41,node_40,,0,0,,,0,line,south
Point (170.22100000000000364 -45.84599999999999653),40,node_39,,0,0,,,0,line,south
Point (172.67599999999998772 -43.03699999999999903),35,node_34,,0,0,,,0,line,south
Point (171.10099999999999909 -44.09000000000000341),34,node_33,,0,0,,,0,line,south
Point (169.3189999999999884 -45.47599999999999909),31,node_30,,0,0,,,0,line,south
Point (170.35599999999999454 -45.81400000000000006),30,node_29,,0,0,,,0,line,south
Point (170.40399999999999636 -45.84400000000000119),27,node_26,,0,0,,,0,line,south
Point (170.43299999999999272 -45.85499999999999687),26,node_25,,0,0,,,0,line,south
Point (168.42599999999998772 -46.35799999999999699),25,node_24,,0,0,,,0,line,south
Point (168.40899999999999181 -46.37299999999999756),24,node_23,,0,0,,,0,line,south
Point (168.39699999999999136 -46.39200000000000301),23,node_22,,0,0,,,0,line,south
Point (172.52500000000000568 -43.58899999999999864),22,node_21,,0,0,,,0,line,south
Point (172.25899999999998613 -41.77499999999999858),21,node_20,,0,0,,,0,line,south
Point (172.51099999999999568 -43.53499999999999659),20,node_19,,0,0,,,0,line,south
Point (172.49100000000001387 -43.50800000000000267),19,node_18,,0,0,,,0,line,south
Point (172.50499999999999545 -43.56099999999999994),18,node_17,,0,0,,,0,line,south
Point (172.51300000000000523 -43.54699999999999704),17,node_16,,0,0,,,0,line,south
Point (171.74899999999999523 -41.73299999999999699),16,node_15,,0,0,,,0,line,south
Point (171.75899999999998613 -41.71900000000000119),15,node_14,,0,0,,,0,line,south
Point (171.90399999999999636 -41.79599999999999937),14,node_13,,0,0,,,0,line,south
Point (171.89799999999999613 -41.78000000000000114),13,node_12,,0,0,,,0,line,south
Point (172.23199999999999932 -41.76899999999999835),12,node_11,,0,0,,,0,line,south
Point (172.20599999999998886 -41.76500000000000057),11,node_10,,0,0,,,0,line,south
Point (176.88743128616900435 -39.3826958534311018),391,node_390,Whirinaki,-39.38269585,176.8874313,diesel,Diesel open-cycle,155,Whirinaki,north
Point (176.5780770000000075 -38.63333200000000289),382,node_381,Wheao,-38.633332,176.578077,hydro,Hydro,24,Wheao,north
Point (174.31059241340901167 -39.60065735620059968),399,node_398,Whareroa,-39.60065736,174.3105924,co_gen,Gas combined-cycle cogeneration,69.6,Whareroa,north
Point (175.80821700000001329 -38.41963299999999748),363,node_362,Whakamaru,-38.419633,175.808217,hydro,Hydro,100,Whakamaru,north
Point (174.70373054077199981 -41.22896280804229718),416,node_415,West Wind,-41.22896281,174.7037305,wind,Wind,143,West Wind,north
Point (174.77942022827099322 -41.30921713079889912),398,node_397,Wellington Hospital,-41.30921713,174.7794202,co_gen,Gas/Oil cogeneration,8,Wellington Hospital,north
Point (174.06761900000000765 -35.7575300000000027),361,node_360,Wairua,-35.75753,174.067619,hydro,Hydro,5,Wairua,north
Point (175.00829100000001404 -38.53165400000000318),360,node_359,Wairere,-38.531654,175.008291,hydro,Hydro,4.6,Wairere,north
Point (176.14219384929700141 -38.61577120350720094),288,node_287,Wairakei?A,-38.6157712,176.1421938,geothermal,Flash steam,161,Wairakei?A,north
Point (176.14217010389000961 -38.66513869373760315),289,node_288,Wairakei binary,-38.66513869,176.1421701,geothermal,Binary,14,Wairakei binary,north
Point (174.55472052835099817 -39.78221039087490141),414,node_413,Waipipi,-39.78221039,174.5547205,wind,Wind,133,Waipipi,north
Point (175.68356800000000817 -38.29216000000000264),356,node_355,Waipapa,-38.29216,175.683568,hydro,Hydro,51,Waipapa,north
Point (175.81702214565498821 -37.40241693809319656),381,node_380,Waihi Station,-37.40241694,175.8170221,hydro,Hydro,4.7,Waihi Station,north
Point (175.67778368115199328 -40.43265505984250296),380,node_379,Turitea,-40.43265506,175.6777837,hydro,Hydro,0.1,Turitea,north
Point (177.15084400000000642 -38.80681899999999729),353,node_352,Tuai,-38.806819,177.150844,hydro,Hydro,60,Tuai,north
Point (175.76828199999999924 -38.98113000000000028),352,node_351,Tokaanu,-38.98113,175.768282,hydro,Hydro,240,Tokaanu,north
Point (175.64861016068599042 -37.43521849069819751),271,node_270,Tirohia,-37.43521849,175.6486102,gas,Biogas,2,Tirohia,north
Point (174.96011434294800324 -37.82682233086819679),413,node_412,Te Uku,-37.82682233,174.9601143,wind,Wind,64.4,Te Uku,north
Point (175.73555732290398623 -40.39168603343350128),412,node_411,Te Rere Hau,-40.39168603,175.7355573,wind,Wind,48.5,Te Rere Hau,north
Point (175.21929812576300378 -37.71542325791379824),397,node_396,Te Rapa,-37.71542326,175.2192981,co_gen,Gas cogeneration,44,Te Rapa,north
Point (176.0385334990479862 -38.61646231936740037),287,node_286,Te Mihi,-38.61646232,176.0385335,geothermal,Flash steam,159,Te Mihi,north
Point (176.11491620276200365 -38.6683398346939029),286,node_285,Te Huka,-38.66833983,176.1149162,geothermal,Binary,23,Te Huka,north
Point (175.82414652374700381 -40.29800852632600083),411,node_410,Te Apiti,-40.29800853,175.8241465,wind,Wind,91,Te Apiti,north
Point (176.67945664506601133 -38.06494458791470237),274,node_273,Te Ahi O Maui,-38.06494459,176.6794566,geothermal,Binary,28,Te Ahi O Maui,north
Point (175.78806636140600972 -40.33960170136820267),410,node_409,Tararua,-40.3396017,175.7880664,wind,Wind,161,Tararua,north
Point (174.32014831702198876 -39.32475738039939728),388,node_387,Stratford CC,-39.32475738,174.3201483,gas,Gas combined-cycle,385,Stratford CC,north
Point (174.74587033591299701 -41.32368877926550255),270,node_269,Southern Landfill,-41.32368878,174.7458703,gas,Biogas,1.1,Southern Landfill,north
Point (174.9996328028599919 -41.16124767428330244),269,node_268,Silverstream Landfill,-41.16124767,174.9996328,gas,Biogas,2.7,Silverstream Landfill,north
Point (176.05528198416701002 -37.77720493865619744),349,node_348,Ruahihi,-37.77720494,176.055282,hydro,Hydro,20,Ruahihi,north
Point (176.19420524879899403 -38.61227949588180053),285,node_284,Rotokawa,-38.6122795,176.1942052,geothermal,,33,Rotokawa,north
Point (174.7214827524510099 -36.73737742005199891),268,node_267,Rosedale,-36.73737742,174.7214828,gas,Biogas,2.8,Rosedale,north
Point (175.38466603158300927 -39.410834268856199),377,node_376,Rochfort,-39.41083427,175.384666,hydro,Hydro,4.2,Rochfort,north
Point (176.81363824368401083 -39.35498394523330035),346,node_345,Rimu,-39.35498395,176.8136382,hydro,Hydro,2.4,Rimu,north
Point (174.62748174179898797 -36.65971809392900127),272,node_271,Redvale Landfill and Energy Park,-36.65971809,174.6274817,gas,Biogas,12,Redvale Landfill and Energy Park,north
Point (175.83680200000000582 -39.15331599999999668),345,node_344,Rangipo,-39.153316,175.836802,hydro,Hydro,120,Rangipo,north
Point (175.29180643628498615 -39.44592707240050089),376,node_375,Raetihi,-39.44592707,175.2918064,hydro,Hydro,0.3,Raetihi,north
Point (176.04259415251200949 -38.63004449775470306),284,node_283,Poihipi,-38.6300445,176.0425942,geothermal,Flash steam,55,Poihipi,north
Point (177.16817000000000348 -38.83906000000000347),343,node_342,Piripaua,-38.83906,177.16817,hydro,Hydro,42,Piripaua,north
Point (175.34289400000000114 -38.91158399999999773),342,node_341,Piriaka,-38.911584,175.342894,hydro,Hydro,1.3,Piriaka,north
Point (174.57027800000000184 -39.54611100000000334),340,node_339,Patea,-39.546111,174.570278,hydro,Hydro,32,Patea,north
Point (176.89170882469900903 -39.37803226501849707),267,node_266,Pan Pac,-39.37803227,176.8917088,co_gen,Wood cogeneration,12.8,Pan Pac,north
Point (173.89353574308299244 -39.43752691574629665),375,node_374,Opunake,-39.43752692,173.8935357,hydro,Hydro,0.3,Opunake,north
Point (176.80056774190799729 -39.53940872267450146),266,node_265,Omaranui,-39.53940872,176.8005677,gas,Biogas,1,Omaranui,north
Point (176.08924999999999272 -37.84627799999999809),336,node_335,Omanawa Falls,-37.846278,176.08925,hydro,Hydro,0.2,Omanawa Falls,north
Point (176.08944399999998609 -38.40833299999999895),332,node_331,Ohakuri,-38.408333,176.089444,hydro,Hydro,112,Ohakuri,north
Point (176.31061959082398971 -38.52329382019080128),283,node_282,Ohaaki,-38.52329382,176.3106196,geothermal,Flash steam,70,Ohaaki,north
Point (175.84654295338796715 -40.29597248726771852),534,node_533,,0,0,,,0,line,north
Point (175.70325460910731863 -40.3623199299819575),535,node_534,,0,0,,,0,line,north
Point (175.84700000000000841 -40.30100000000000193),533,node_532,,0,0,,,0,line,north
Point (174.78052572369500695 -41.18500000000000227),530,node_529,,0,0,,,0,line,north
Point (175.09800000000001319 -37.77300000000000324),536,node_535,,0,0,,,0,line,north
Point (174.72700000000000387 -41.2569999999999979),537,node_536,,0,0,,,0,line,north
Point (174.3230000000000075 -39.32475738039939728),518,node_517,,0,0,,,0,line,north
Point (174.77099999999998658 -36.92600000000000193),519,node_518,,0,0,,,0,line,north
Point (174.13520562945001302 -39.14376009897495834),516,node_515,,0,0,,,0,line,north
Point (174.39300000000000068 -39.29399999999999693),517,node_516,,0,0,,,0,line,north
Point (175.77500000000000568 -37.41599999999999682),514,node_513,,0,0,,,0,line,north
Point (174.8667400022112588 -37.16075333259625779),515,node_514,,0,0,,,0,line,north
Point (175.65742396403686598 -40.39775268764516625),513,node_512,,0,0,,,0,line,north
Point (175.44900000000001228 -41.11899999999999977),526,node_525,,0,0,,,0,line,north
Point (174.76057394408451273 -41.29557394408449511),524,node_523,,0,0,,,0,line,north
Point (176.70361881939757609 -38.00879099941855088),522,node_521,,0,0,,,0,line,north
Point (175.242999999999995 -37.6910000000000025),523,node_522,,0,0,,,0,line,north
Point (176.6894059579006182 -38.0126685290607611),520,node_519,,0,0,,,0,line,north
Point (174.14460579830577558 -39.39398586177770056),521,node_520,,0,0,,,0,line,north
Point (175.17757457169679469 -37.22976487326918971),502,node_501,,0,0,,,0,line,north
Point (175.04400000000001114 -37.2569999999999979),503,node_502,,0,0,,,0,line,north
Point (175.69920807338203872 -38.88777453208767554),500,node_499,,0,0,,,0,line,north
Point (175.22999999999998977 -38.45000000000000284),501,node_500,,0,0,,,0,line,north
Point (174.1220000000000141 -35.70100000000000051),498,node_497,,0,0,,,0,line,north
Point (175.22300000000001319 -38.55799999999999983),497,node_496,,0,0,,,0,line,north
Point (175.36586541060475497 -39.42258465696760084),510,node_509,,0,0,,,0,line,north
Point (173.93000000000000682 -39.39399999999999835),508,node_507,,0,0,,,0,line,north
Point (175.3554032287261748 -39.4055973991451296),509,node_508,,0,0,,,0,line,north
Point (177.56399999999999295 -38.7120000000000033),506,node_505,,0,0,,,0,line,north
Point (175.22200000000000841 -38.60199999999999676),507,node_506,,0,0,,,0,line,north
Point (175.18199999999998795 -38.1180000000000021),504,node_503,,0,0,,,0,line,north
Point (175.83702476923076574 -39.15365015384615077),484,node_483,,0,0,,,0,line,north
Point (176.81474388095628569 -39.35321492559766909),485,node_484,,0,0,,,0,line,north
Point (177.17637413793104884 -38.81854965517241851),482,node_481,,0,0,,,0,line,north
Point (175.32050841176473455 -38.89815264705877951),481,node_480,,0,0,,,0,line,north
Point (175.76431308235294182 -38.98453192941176582),490,node_489,,0,0,,,0,line,north
Point (177.15183150000001433 -38.80583150000000359),491,node_490,,0,0,,,0,line,north
Point (176.8150194941176494 -38.11244877647058615),468,node_467,,0,0,,,0,line,north
Point (174.1062420351351534 -39.11179051081082036),466,node_465,,0,0,,,0,line,north
Point (175.7436945000000037 -38.35269449999999836),467,node_466,,0,0,,,0,line,north
Point (175.43978777528090518 -40.55988264044943037),465,node_464,,0,0,,,0,line,north
Point (174.49799999999999045 -39.6629999999999967),479,node_478,,0,0,,,0,line,north
Point (176.15983277580070876 -37.8683351174376952),476,node_475,,0,0,,,0,line,north
Point (174.3949200677823228 -39.29378665913529289),472,node_471,,0,0,,,0,line,north
Point (176.08600000000001273 -38.40833299999999895),473,node_472,,0,0,,,0,line,north
Point (176.37600000000000477 -38.83599999999999852),453,node_452,,0,0,,,0,line,north
Point (175.70426240566035858 -38.89687233018866408),462,node_461,,0,0,,,0,line,north
Point (176.15700000000001069 -37.87700000000000244),463,node_462,,0,0,,,0,line,north
Point (175.60800000000000409 -41.00099999999999767),460,node_459,,0,0,,,0,line,north
Point (177.13110000000000355 -38.80299999999999727),458,node_457,,0,0,,,0,line,north
Point (175.53898359999999457 -37.92333880000000335),459,node_458,,0,0,,,0,line,north
Point (176.04699999999999704 -38.89000000000000057),456,node_455,,0,0,,,0,line,north
Point (176.03906904057893712 -38.61110690405789114),438,node_437,,0,0,,,0,line,north
Point (176.14248252640209103 -38.61548252640210421),439,node_438,,0,0,,,0,line,north
Point (176.19358745760794704 -38.61029741581051411),436,node_435,,0,0,,,0,line,north
Point (176.11374875521713079 -38.66827116130890829),437,node_436,,0,0,,,0,line,north
Point (176.22100000000000364 -38.60099999999999909),434,node_433,,0,0,,,0,line,north
Point (173.8359263865962987 -35.44292638659629091),435,node_434,,0,0,,,0,line,north
Point (175.91300000000001091 -38.55100000000000193),432,node_431,,0,0,,,0,line,north
Point (176.18522483482885832 -38.61290394758581357),433,node_432,,0,0,,,0,line,north
Point (176.0232563846153937 -38.39317092307693002),445,node_444,,0,0,,,0,line,north
Point (175.65614386094421207 -38.06065557596566862),442,node_441,,0,0,,,0,line,north
Point (176.14266650000001846 -38.61566650000001033),443,node_442,,0,0,,,0,line,north
Point (176.16299219941433307 -38.65847562316981367),440,node_439,,0,0,,,0,line,north
Point (176.75883895081966557 -38.25346754098362112),441,node_440,,0,0,,,0,line,north
Point (174.68999999999999773 -36.73899999999999721),422,node_421,,0,0,,,0,line,north
Point (174.9945466926855886 -41.16506225691411203),423,node_422,,0,0,,,0,line,north
Point (176.81765903882006796 -39.53727231056048197),420,node_419,,0,0,,,0,line,north
Point (176.88700000000000045 -39.3819999999999979),421,node_420,,0,0,,,0,line,north
Point (174.90100000000001046 -36.92900000000000205),418,node_417,,0,0,,,0,line,north
Point (175.88100000000000023 -38.27199999999999847),419,node_418,,0,0,,,0,line,north
Point (176.6878366728530807 -38.01294144819946297),430,node_429,,0,0,,,0,line,north
Point (176.70185720011238573 -38.00963351298972981),431,node_430,,0,0,,,0,line,north
Point (176.67599999999998772 -38.01500000000000057),428,node_427,,0,0,,,0,line,north
Point (176.69900000000001228 -38.01100000000000279),429,node_428,,0,0,,,0,line,north
Point (174.67199999999999704 -36.66700000000000159),426,node_425,,0,0,,,0,line,north
Point (174.70400000000000773 -41.28000000000000114),424,node_423,,0,0,,,0,line,north
Point (175.70107768904105683 -37.39674230323782211),425,node_424,,0,0,,,0,line,north
Point (176.3230000000000075 -38.13000000000000256),262,node_261,,0,0,,,0,line,north
Point (176.35099999999999909 -37.99900000000000233),263,node_262,,0,0,,,0,line,north
Point (175.8019999999999925 -38.09599999999999653),260,node_259,,0,0,,,0,line,north
Point (175.80799999999999272 -38.29399999999999693),261,node_260,,0,0,,,0,line,north
Point (174.20699999999999363 -35.76599999999999824),256,node_255,,0,0,,,0,line,north
Point (175.30500000000000682 -37.77799999999999869),257,node_256,,0,0,,,0,line,north
Point (178.30799999999999272 -38.12199999999999989),247,node_246,,0,0,,,0,line,north
Point (174.37299999999999045 -35.74499999999999744),242,node_241,,0,0,,,0,line,north
Point (173.81200000000001182 -35.39699999999999847),243,node_242,,0,0,,,0,line,north
Point (174.90399999999999636 -36.92600000000000193),254,node_253,,0,0,,,0,line,north
Point (174.90600000000000591 -36.92600000000000193),255,node_254,,0,0,,,0,line,north
Point (174.91700000000000159 -41.24000000000000199),252,node_251,,0,0,,,0,line,north
Point (174.96899999999999409 -40.98199999999999932),253,node_252,,0,0,,,0,line,north
Point (175.12600000000000477 -39.93099999999999739),250,node_249,,0,0,,,0,line,north
Point (175.54300000000000637 -37.92199999999999704),251,node_250,,0,0,,,0,line,north
Point (173.9310000000000116 -35.88700000000000045),230,node_229,,0,0,,,0,line,north
Point (174.78000000000000114 -41.22200000000000131),229,node_228,,0,0,,,0,line,north
Point (175.5730000000000075 -39.46500000000000341),226,node_225,,0,0,,,0,line,north
Point (173.9310000000000116 -35.88600000000000279),227,node_226,,0,0,,,0,line,north
Point (176.22700000000000387 -38.14800000000000324),224,node_223,,0,0,,,0,line,north
Point (174.69200000000000728 -36.90699999999999648),225,node_224,,0,0,,,0,line,north
Point (174.81700000000000728 -36.90500000000000114),238,node_237,,0,0,,,0,line,north
Point (175.17799999999999727 -38.25200000000000244),239,node_238,,0,0,,,0,line,north
Point (174.65799999999998704 -36.8609999999999971),237,node_236,,0,0,,,0,line,north
Point (175.83799999999999386 -39.15299999999999869),232,node_231,,0,0,,,0,line,north
Point (174.00999999999999091 -35.84700000000000131),214,node_213,,0,0,,,0,line,north
Point (176.88100000000000023 -39.60600000000000165),210,node_209,,0,0,,,0,line,north
Point (176.81999999999999318 -39.55700000000000216),208,node_207,,0,0,,,0,line,north
Point (176.81999999999999318 -39.41899999999999693),209,node_208,,0,0,,,0,line,north
Point (174.81499999999999773 -41.23899999999999721),223,node_222,,0,0,,,0,line,north
Point (174.91599999999999682 -41.20000000000000284),220,node_219,,0,0,,,0,line,north
Point (175.23599999999999 -37.32999999999999829),221,node_220,,0,0,,,0,line,north
Point (174.31100000000000705 -39.5660000000000025),219,node_218,,0,0,,,0,line,north
Point (175.22100000000000364 -37.3019999999999996),216,node_215,,0,0,,,0,line,north
Point (174.91999999999998749 -37.05299999999999727),198,node_197,,0,0,,,0,line,north
Point (176.29200000000000159 -38.52900000000000347),199,node_198,,0,0,,,0,line,north
Point (174.68600000000000705 -36.73499999999999943),197,node_196,,0,0,,,0,line,north
Point (175.29200000000000159 -37.43999999999999773),193,node_192,,0,0,,,0,line,north
Point (174.09399999999999409 -39.08800000000000097),206,node_205,,0,0,,,0,line,north
Point (175.68299999999999272 -38.29200000000000159),207,node_206,,0,0,,,0,line,north
Point (175.71799999999998931 -39.56499999999999773),204,node_203,,0,0,,,0,line,north
Point (175.89699999999999136 -39.69700000000000273),205,node_204,,0,0,,,0,line,north
Point (174.6839999999999975 -36.62400000000000233),202,node_201,,0,0,,,0,line,north
Point (174.78700000000000614 -41.25800000000000267),203,node_202,,0,0,,,0,line,north
Point (174.73300000000000409 -37.20300000000000296),200,node_199,,0,0,,,0,line,north
Point (174.96100000000001273 -37.12400000000000233),201,node_200,,0,0,,,0,line,north
Point (176.72399999999998954 -38.07600000000000051),182,node_181,,0,0,,,0,line,north
Point (175.61299999999999955 -40.9789999999999992),183,node_182,,0,0,,,0,line,north
Point (176.76200000000000045 -39.59899999999999665),180,node_179,,0,0,,,0,line,north
Point (175.13399999999998613 -37.46800000000000352),178,node_177,,0,0,,,0,line,north
Point (175.65700000000001069 -39.48899999999999721),179,node_178,,0,0,,,0,line,north
Point (174.8779999999999859 -41.15599999999999881),176,node_175,,0,0,,,0,line,north
Point (173.92900000000000205 -39.39300000000000068),177,node_176,,0,0,,,0,line,north
Point (175.007000000000005 -40.96600000000000108),190,node_189,,0,0,,,0,line,north
Point (175.85599999999999454 -40.3160000000000025),191,node_190,,0,0,,,0,line,north
Point (176.125 -37.72500000000000142),186,node_185,,0,0,,,0,line,north
Point (174.96000000000000796 -36.97399999999999665),184,node_183,,0,0,,,0,line,north
Point (175.29699999999999704 -37.4789999999999992),185,node_184,,0,0,,,0,line,north
Point (176.1769999999999925 -38.01299999999999812),164,node_163,,0,0,,,0,line,north
Point (175.73699999999999477 -39.27400000000000091),160,node_159,,0,0,,,0,line,north
Point (174.13399999999998613 -39.15100000000000335),174,node_173,,0,0,,,0,line,north
Point (174.9439999999999884 -41.1109999999999971),175,node_174,,0,0,,,0,line,north
Point (175.60200000000000387 -37.19200000000000017),172,node_171,,0,0,,,0,line,north
Point (175.00899999999998613 -41.01899999999999835),173,node_172,,0,0,,,0,line,north
Point (176.76200000000000045 -39.29800000000000182),170,node_169,,0,0,,,0,line,north
Point (176.8160000000000025 -39.3539999999999992),169,node_168,,0,0,,,0,line,north
Point (175.35699999999999932 -37.7569999999999979),150,node_149,,0,0,,,0,line,north
Point (175.51800000000000068 -37.6910000000000025),151,node_150,,0,0,,,0,line,north
Point (174.46700000000001296 -35.875),148,node_147,,0,0,,,0,line,north
Point (174.84000000000000341 -36.92099999999999937),149,node_148,,0,0,,,0,line,north
Point (174.5660000000000025 -36.79699999999999704),146,node_145,,0,0,,,0,line,north
Point (174.54099999999999682 -36.75999999999999801),147,node_146,,0,0,,,0,line,north
Point (175.38300000000000978 -37.80400000000000205),144,node_143,,0,0,,,0,line,north
Point (176.02299999999999613 -38.39300000000000068),145,node_144,,0,0,,,0,line,north
Point (175.12600000000000477 -37.18299999999999983),154,node_153,,0,0,,,0,line,north
Point (176.79400000000001114 -38.29299999999999926),155,node_154,,0,0,,,0,line,north
Point (175.11699999999999022 -37.16199999999999903),153,node_152,,0,0,,,0,line,north
Point (174.60400000000001342 -36.8370000000000033),134,node_133,,0,0,,,0,line,north
Point (174.61699999999999022 -36.84000000000000341),135,node_134,,0,0,,,0,line,north
Point (174.98099999999999454 -41.14900000000000091),132,node_131,,0,0,,,0,line,north
Point (177.15299999999999159 -38.81499999999999773),133,node_132,,0,0,,,0,line,north
Point (174.75200000000000955 -41.2430000000000021),130,node_129,,0,0,,,0,line,north
Point (174.98300000000000409 -41.14500000000000313),131,node_130,,0,0,,,0,line,north
Point (174.76200000000000045 -41.29699999999999704),128,node_127,,0,0,,,0,line,north
Point (174.76900000000000546 -41.30100000000000193),129,node_128,,0,0,,,0,line,north
Point (174.78000000000000114 -36.92799999999999727),143,node_142,,0,0,,,0,line,north
Point (174.75999999999999091 -41.26200000000000045),140,node_139,,0,0,,,0,line,north
Point (174.75999999999999091 -41.25900000000000034),139,node_138,,0,0,,,0,line,north
Point (174.97399999999998954 -41.15200000000000102),116,node_115,,0,0,,,0,line,north
Point (174.75200000000000955 -41.23899999999999721),117,node_116,,0,0,,,0,line,north
Point (176.12899999999999068 -38.62700000000000244),114,node_113,,0,0,,,0,line,north
Point (174.95699999999999363 -41.15800000000000125),115,node_114,,0,0,,,0,line,north
Point (174.80099999999998772 -41.18699999999999761),112,node_111,,0,0,,,0,line,north
Point (174.29300000000000637 -39.32500000000000284),113,node_112,,0,0,,,0,line,north
Point (174.5660000000000025 -39.54699999999999704),126,node_125,,0,0,,,0,line,north
Point (174.19700000000000273 -35.78099999999999881),124,node_123,,0,0,,,0,line,north
Point (174.16300000000001091 -35.79899999999999949),125,node_124,,0,0,,,0,line,north
Point (174.85200000000000387 -41.18699999999999761),122,node_121,,0,0,,,0,line,north
Point (174.47999999999998977 -35.84899999999999665),123,node_122,,0,0,,,0,line,north
Point (174.37899999999999068 -39.54500000000000171),120,node_119,,0,0,,,0,line,north
Point (174.75899999999998613 -41.23400000000000176),121,node_120,,0,0,,,0,line,north
Point (177.13100000000000023 -38.80299999999999727),102,node_101,,0,0,,,0,line,north
Point (175.35499999999998977 -37.8019999999999996),103,node_102,,0,0,,,0,line,north
Point (175.80000000000001137 -38.41899999999999693),100,node_99,,0,0,,,0,line,north
Point (177.15100000000001046 -38.80499999999999972),101,node_100,,0,0,,,0,line,north
Point (174.86400000000000432 -36.9129999999999967),98,node_97,,0,0,,,0,line,north
Point (174.87399999999999523 -36.92799999999999727),99,node_98,,0,0,,,0,line,north
Point (174.98500000000001364 -37.17000000000000171),96,node_95,,0,0,,,0,line,north
Point (175.00100000000000477 -37.18999999999999773),97,node_96,,0,0,,,0,line,north
Point (174.84899999999998954 -41.17399999999999949),110,node_109,,0,0,,,0,line,north
Point (174.83799999999999386 -41.19599999999999795),111,node_110,,0,0,,,0,line,north
Point (175.40000000000000568 -37.82099999999999795),108,node_107,,0,0,,,0,line,north
Point (174.81999999999999318 -41.19299999999999784),109,node_108,,0,0,,,0,line,north
Point (175.40700000000001069 -37.83500000000000085),106,node_105,,0,0,,,0,line,north
Point (175.38999999999998636 -37.81099999999999994),107,node_106,,0,0,,,0,line,north
Point (175.38999999999998636 -37.81700000000000017),104,node_103,,0,0,,,0,line,north
Point (175.38399999999998613 -37.8089999999999975),105,node_104,,0,0,,,0,line,north
Point (174.31999999999999318 -39.33599999999999852),86,node_85,,0,0,,,0,line,north
Point (174.86199999999999477 -36.95700000000000074),87,node_86,,0,0,,,0,line,north
Point (174.86299999999999955 -36.95600000000000307),84,node_83,,0,0,,,0,line,north
Point (174.32099999999999795 -39.33299999999999841),85,node_84,,0,0,,,0,line,north
Point (174.46500000000000341 -35.87400000000000233),82,node_81,,0,0,,,0,line,north
Point (174.86299999999999955 -36.95499999999999829),83,node_82,,0,0,,,0,line,north
Point (174.45599999999998886 -35.87199999999999989),81,node_80,,0,0,,,0,line,north
Point (175.63999999999998636 -40.28000000000000114),94,node_93,,0,0,,,0,line,north
Point (175.63999999999998636 -40.27900000000000347),95,node_94,,0,0,,,0,line,north
Point (175.64199999999999591 -40.28099999999999881),92,node_91,,0,0,,,0,line,north
Point (175.64099999999999113 -40.28099999999999881),93,node_92,,0,0,,,0,line,north
Point (174.86500000000000909 -36.95499999999999829),90,node_89,,0,0,,,0,line,north
Point (175.30699999999998795 -38.31900000000000261),70,node_69,,0,0,,,0,line,north
Point (174.86299999999999955 -36.95400000000000063),71,node_70,,0,0,,,0,line,north
Point (176.02600000000001046 -38.39500000000000313),68,node_67,,0,0,,,0,line,north
Point (175.80799999999999272 -38.42499999999999716),69,node_68,,0,0,,,0,line,north
Point (175.5730000000000075 -38.1319999999999979),66,node_65,,0,0,,,0,line,north
Point (175.77000000000001023 -38.40100000000000335),67,node_66,,0,0,,,0,line,north
Point (175.79300000000000637 -39.13000000000000256),64,node_63,,0,0,,,0,line,north
Point (176.11000000000001364 -38.62400000000000233),65,node_64,,0,0,,,0,line,north
Point (175.25200000000000955 -38.29800000000000182),78,node_77,,0,0,,,0,line,north
Point (174.39500000000001023 -39.54200000000000159),76,node_75,,0,0,,,0,line,north
Point (175.14599999999998658 -37.54299999999999926),77,node_76,,0,0,,,0,line,north
Point (174.46700000000001296 -36.54200000000000159),74,node_73,,0,0,,,0,line,north
Point (174.43899999999999295 -36.44299999999999784),75,node_74,,0,0,,,0,line,north
Point (174.86099999999999 -36.95499999999999829),72,node_71,,0,0,,,0,line,north
Point (174.48599999999999 -36.68800000000000239),73,node_72,,0,0,,,0,line,north
Point (176.08600000000001273 -38.40800000000000125),54,node_53,,0,0,,,0,line,north
Point (176.8060000000000116 -38.1109999999999971),55,node_54,,0,0,,,0,line,north
Point (177.42400000000000659 -38.98499999999999943),53,node_52,,0,0,,,0,line,north
Point (174.42500000000001137 -36.1460000000000008),50,node_49,,0,0,,,0,line,north
Point (174.47800000000000864 -36.35499999999999687),51,node_50,,0,0,,,0,line,north
Point (174.58400000000000318 -39.70900000000000318),38,node_37,,0,0,,,0,line,north
Point (175.63900000000001 -40.27499999999999858),39,node_38,,0,0,,,0,line,north
Point (175.2529999999999859 -38.96000000000000085),36,node_35,,0,0,,,0,line,north
Point (174.32200000000000273 -39.33100000000000307),37,node_36,,0,0,,,0,line,north
Point (175.88499999999999091 -39.79999999999999716),32,node_31,,0,0,,,0,line,north
Point (175.69700000000000273 -40.21500000000000341),33,node_32,,0,0,,,0,line,north
Point (174.71999999999999886 -41.20799999999999841),44,node_43,,0,0,,,0,line,north
Point (174.74799999999999045 -41.22800000000000153),45,node_44,,0,0,,,0,line,north
Point (176.15999999999999659 -38.07399999999999807),28,node_27,,0,0,,,0,line,north
Point (176.03299999999998704 -38.3960000000000008),29,node_28,,0,0,,,0,line,north
Point (174.77500000000000568 -36.92300000000000182),6,node_5,,0,0,,,0,line,north
Point (175.56399999999999295 -38.10199999999999676),7,node_6,,0,0,,,0,line,north
Point (175.23699999999999477 -38.41700000000000159),4,node_3,,0,0,,,0,line,north
Point (174.73900000000000432 -36.92300000000000182),5,node_4,,0,0,,,0,line,north
Point (176.10499999999998977 -38.62599999999999767),2,node_1,,0,0,,,0,line,north
Point (175.25800000000000978 -38.3819999999999979),3,node_2,,0,0,,,0,line,north
Point (176.14300000000000068 -38.61599999999999966),1,node_0,,0,0,,,0,line,north
Point (177.16800000000000637 -38.83899999999999864),10,node_9,,0,0,,,0,line,north
Point (175.57800000000000296 -38.12800000000000011),8,node_7,,0,0,,,0,line,north
Point (177.15299999999999159 -38.80700000000000216),9,node_8,,0,0,,,0,line,north
Point (174.23567775118800682 -39.52331344174520211),373,node_372,Normanby,-39.52331344,174.2356778,hydro,Hydro,1,Normanby,north
Point (173.86220323839700086 -35.41664953479560296),282,node_281,Ngawha,-35.41664953,173.8622032,geothermal,Binary,25,Ngawha,north
Point (176.19609919954299926 -38.54694823278050109),281,node_280,Ngatamariki,-38.54694823,176.1960992,geothermal,Binary,82,Ngatamariki,north
Point (176.18525214879900886 -38.61299157990669784),280,node_279,Nga Awa Purua,-38.61299158,176.1852521,geothermal,Flash steam,140,Nga Awa Purua,north
Point (174.38269886602299152 -39.18379584330109822),331,node_330,Motukawa,-39.18379584,174.3826989,hydro,Hydro,4.5,Motukawa,north
Point (175.15613776915100175 -38.58512024742699964),371,node_370,Mokauiti,-38.58512025,175.1561378,hydro,Hydro,1.9,Mokauiti,north
Point (175.92510408333399141 -38.52998467229159729),279,node_278,Mokai,-38.52998467,175.9251041,geothermal,,112,Mokai,north
Point (174.78052572369500695 -41.17051656422849959),407,node_406,Mill Creek,-41.17051656,174.7805257,wind,Wind,60,Mill Creek,north
Point (174.33655995376000192 -39.09669671755000309),387,node_386,McKee?(recip),-39.09669672,174.33656,gas,Gas reciprocating,2,McKee?(recip),north
Point (176.04600552549999293 -37.80579997466809772),328,node_327,McKays Creek,-37.80579997,176.0460055,hydro,Hydro,1.1,McKays Creek,north
Point (177.48558009127199853 -38.37067789235800319),370,node_369,Matawai,-38.37067789,177.4855801,hydro,Hydro,2,Matawai,north
Point (176.81447299999999245 -38.11490799999999979),326,node_325,Matahina,-38.114908,176.814473,hydro,Hydro,72,Matahina,north
Point (174.78594853826399458 -38.26667392560649716),368,node_367,Marokopa,-38.26667393,174.7859485,hydro,Hydro,2,Marokopa,north
Point (175.7438889999999958 -38.35249999999999915),325,node_324,Maraetai I,-38.3525,175.743889,hydro,Hydro,252,Maraetai I,north
Point (174.11880600000000641 -39.1051390000000012),324,node_323,Mangorei,-39.105139,174.118806,hydro,Hydro,4.5,Mangorei,north
Point (175.10696527027698721 -37.21235526547779671),367,node_366,Mangatawhiri,-37.21235527,175.1069653,hydro,Hydro,0.2,Mangatawhiri,north
Point (175.20455776049999486 -37.20119443806579795),366,node_365,Mangatangi,-37.20119444,175.2045578,hydro,Hydro,0.6,Mangatangi,north
Point (175.10007827692999172 -38.42828682824149666),365,node_364,Mangapehi,-38.42828683,175.1000783,hydro,Hydro,1.6,Mangapehi,north
Point (174.33536991844999875 -39.06983262821260183),386,node_385,Mangahewa,-39.06983263,174.3353699,gas,Gas,9,Mangahewa,north
Point (175.45027799999999729 -40.57666700000000048),323,node_322,Mangahao,-40.576667,175.450278,hydro,Hydro,42,Mangahao,north
Point (176.04127545904398744 -37.8206010531976986),321,node_320,Lower Mangapapa,-37.82060105,176.0412755,hydro,Hydro,6,Lower Mangapapa,north
Point (176.05144101250900235 -37.84395044537870234),320,node_319,Lloyd Mandeno,-37.84395045,176.051441,hydro,Hydro,15.6,Lloyd Mandeno,north
Point (175.72831752554100149 -38.8716026142216009),364,node_363,Kuratau,-38.87160261,175.7283175,hydro,Hydro,6,Kuratau,north
Point (175.73558299999999122 -38.87947199999999981),318,node_317,Kuratau,-38.879472,175.735583,hydro,Hydro,6,Kuratau,north
Point (175.70227972112701309 -41.09236260494819959),316,node_315,Kourarau,-41.0923626,175.7022797,hydro,Hydro,1,Kourarau,north
Point (175.90511580654501245 -38.27669108879550208),396,node_395,Kinleith,-38.27669109,175.9051158,co_gen,Wood/Gas cogeneration,40,Kinleith,north
Point (175.88761374185901332 -38.27686399864629863),265,node_264,Kinleith,-38.276864,175.8876137,co_gen,Wood cogeneration,40,Kinleith,north
Point (176.72560355221099826 -38.05475907711930006),395,node_394,Kawerau (TPP),-38.05475908,176.7256036,co_gen,Gas cogeneration,37,Kawerau (TPP),north
Point (176.69911385368598644 -38.07778523798869941),277,node_276,Kawerau (NST),-38.07778524,176.6991139,geothermal,,25,Kawerau (NST),north
Point (176.71854198057098984 -38.07326102935299872),276,node_275,Kawerau (BoPE),-38.07326103,176.718542,geothermal,Binary,6.3,Kawerau (BoPE),north
Point (176.72670620096599237 -38.06159051477450106),278,node_277,Kawerau,-38.06159051,176.7267062,geothermal,Flash steam,100,Kawerau,north
Point (175.53916699999999196 -37.92388900000000262),315,node_314,Karapiro,-37.923889,175.539167,hydro,Hydro,90,Karapiro,north
Point (174.17203046257600363 -39.47797389610529706),394,node_393,Kapuni,-39.4779739,174.1720305,co_gen,Gas combined-cycle cogeneration,25,Kapuni,north
Point (177.13110000000000355 -38.80322999999999922),313,node_312,Kaitawa,-38.80323,177.1311,hydro,Hydro,36,Kaitawa,north
Point (176.04547981250701127 -37.80582540499690225),312,node_311,Kaimai 5,-37.8058254,176.0454798,hydro,Hydro,0.35,Kaimai 5,north
Point (174.13236212890498678 -39.14132281279349712),385,node_384,Junction Road,-39.14132281,174.1323621,gas,Gas,100,Junction Road,north
Point (175.1538532481310142 -37.54326614114449967),384,node_383,Huntly 1-4,-37.54326614,175.1538532,gas_coal,Gas/Coal,500,Huntly 1-4,north
Point (176.09087500000001114 -38.8900859999999966),310,node_309,Hinemaiaia A,-38.890086,176.090875,hydro,Hydro,2,Hinemaiaia A,north
Point (175.48512162733601372 -41.36088626664830059),403,node_402,Hau Nui,-41.36088627,175.4851216,wind,Wind,8.7,Hau Nui,north
Point (174.90389338075499381 -36.93633276896120066),264,node_263,Greenmount Landfill,-36.93633277,174.9038934,gas,Biogas,5.5,Greenmount Landfill,north
Point (174.86586840612099536 -37.15813854432550301),383,node_382,Glenbrook,-37.15813854,174.8658684,gas_coal,Gas/Coal,112,Glenbrook,north
Point (176.7234146297570021 -38.08142407227730075),275,node_274,Geothermal Development Limited,-38.08142407,176.7234146,geothermal,Binary,8.3,Geothermal Development Limited,north
Point (176.55885324694401106 -38.63409729064650122),307,node_306,Flaxy,-38.63409729,176.5588532,hydro,Hydro,24,Flaxy,north
Point (176.69661469991399372 -38.05411879563769872),393,node_392,Edgecumbe,-38.0541188,176.6966147,co_gen,Gas cogeneration,10,Edgecumbe,north
Point (174.76112977341799137 -41.29501811475100226),400,node_399,Brooklyn Wind Turbine (new),-41.29501811,174.7611298,wind,Wind,0.9,Brooklyn Wind Turbine (new),north
Point (174.48526247272801015 -35.83881750346999695),389,node_388,Bream Bay,-35.8388175,174.4852625,diesel,Diesel recip engine,9,Bream Bay,north
Point (174.7726170318100003 -36.85831438292340323),392,node_391,Auckland Hospital,-36.85831438,174.772617,co_gen,Gas/Diesel cogeneration,3.6,Auckland Hospital,north
Point (176.02333300000000804 -38.3930560000000014),296,node_295,Atiamuri,-38.393056,176.023333,hydro,Hydro,84,Atiamuri,north
Point (176.14250000000001251 -38.61583300000000207),293,node_292,Aratiatia,-38.615833,176.1425,hydro,Hydro,78,Aratiatia,north
Point (175.64333300000001259 -38.07138900000000348),292,node_291,Arapuni,-38.071389,175.643333,hydro,Hydro,196.7,Arapuni,north
Point (176.79236099999999965 -38.29369400000000212),291,node_290,Aniwhenua,-38.293694,176.792361,hydro,Hydro,25,Aniwhenua,north
